"Epic","Feature","Story","FAILED","BROKEN","PASSED","SKIPPED","UNKNOWN"
"","","VPP Login Session","0","0","1","0","0"
"","","VPP Login Negative Validation","0","0","5","0","0"
"","","VPP logout","0","0","1","0","0"
"","","VPP Program Creation - EnergyHub Operator","1","0","0","0","0"
"","","VPP Program Creation - Chariot Operator","1","0","0","0","0"
"","","VPP Login Validation","0","0","1","0","0"
"","","VPP Program Creation - Leap Operator","1","0","0","0","0"
"","","VPP Resource Pagination Validation","0","0","1","0","0"
"","","VPP Program Creation - QCells Operator","0","0","1","0","0"
"","","VPP Navigation and Resource Count Validation","0","0","1","0","0"
"","","VPP Search Resource Validation","0","0","1","0","0"
